Ticker,Strategy,Scanned Date,Status,Entry Date,Entry Price,Signal Reference Close,Entry Gap %,Stop Loss,Target 1,Target 2 (Informational),EMA50 At Entry,Current Price,PnL,PnL %,PnL % (Net of 0.3% Cost),Days Held,Exit Date,Exit Price,Exit Reason,Last Tracked
FLUOROCHEM.NS,bos_fib_ifvg,2026-08-26,OPEN,2026-08-27,4710.00,4732.1,-0.47,4263.92,5668.46,6136.64,4333.16,4601.30,-108.70,-2.31,-2.61,19,,,,2026-09-15 16:59:40
SUMICHEM.NS,bos_fib_ifvg,2026-08-26,CLOSED,2026-08-27,533.10,530.45,+0.50,479.21,632.93,684.16,514.89,514.20,-18.90,-3.55,-3.85,4,2026-09-01,514.20,EMA50 Breakout,2026-09-01 20:16:36
VEDL.NS,supply_demand,2026-08-26,CLOSED,2026-08-27,289.00,286.5,+0.87,257.46,344.59,373.63,291.21,281.00,-8.00,-2.77,-3.07,0,2026-08-27,281.00,EMA50 Breakout,2026-08-27 19:12:56
POONAWALLA.NS,bos_fib_ifvg,2026-08-27,CLOSED,2026-08-31,475.10,482.35,-1.50,444.67,557.70,595.38,467.30,463.80,-11.30,-2.38,-2.68,0,2026-08-31,463.80,EMA50 Breakout,2026-08-31 17:28:13
CGCL.NS,supply_demand,2026-08-28,OPEN,2026-08-31,257.98,257.98,+0.00,211.82,350.31,396.47,230.79,255.10,-2.88,-1.12,-1.42,17,,,,2026-09-15 16:59:40
ENGINERSIN.NS,bos_fib_ifvg,2026-08-28,OPEN,2026-08-31,254.00,253.72,+0.11,233.62,293.92,314.02,238.78,262.45,8.45,3.33,3.03,17,,,,2026-09-15 16:59:40
PIRAMALFIN.NS,supply_demand,2026-08-28,OPEN,2026-08-31,2298.40,2278.40,+0.88,2008.78,2817.65,3087.27,2100.51,2224.40,-74.00,-3.22,-3.52,17,,,,2026-09-15 16:59:40
PTCIL.NS,supply_demand,2026-08-28,OPEN,2026-08-31,21920.00,22110.00,-0.86,18495.07,29339.86,32954.79,18867.65,22560.00,640.00,2.92,2.62,17,,,,2026-09-15 16:59:40
ACMESOLAR.NS,bos_fib_ifvg,2026-08-31,OPEN,2026-09-01,398.00,401.95,-0.98,354.92,496.01,543.05,370.85,420.40,22.40,5.63,5.33,15,,,,2026-09-15 16:59:40
BALRAMCHIN.NS,bos_fib_ifvg,2026-08-31,OPEN,2026-09-01,695.95,693.50,+0.35,570.38,939.74,1062.85,621.76,677.10,-18.85,-2.71,-3.01,15,,,,2026-09-15 16:59:40
BHEL.NS,supply_demand,2026-08-31,CLOSED,2026-09-01,437.25,442.65,-1.22,402.16,523.62,564.11,408.36,412.85,-24.40,-5.58,-5.88,15,2026-09-15,412.85,EMA50 Breakout,2026-09-15 16:59:40
CGPOWER.NS,supply_demand,2026-08-31,CLOSED,2026-09-01,901.95,916.00,-1.53,850.44,1047.12,1112.68,885.14,877.75,-24.20,-2.68,-2.98,3,2026-09-02,877.75,EMA50 Breakout,2026-09-02 18:40:29
OLAELEC.NS,supply_demand,2026-08-31,CLOSED,2026-09-01,41.40,41.12,+0.68,35.23,52.90,58.79,39.15,38.98,-2.42,-5.85,-6.15,3,2026-09-02,38.98,EMA50 Breakout,2026-09-02 18:40:29
PAYTM.NS,supply_demand,2026-08-31,OPEN,2026-09-01,1689.00,1717.10,-1.64,1520.10,2111.11,2308.11,1439.31,1730.00,41.00,2.43,2.13,15,,,,2026-09-15 16:59:40
POLYMED.NS,bos_fib_ifvg,2026-08-31,OPEN,2026-09-01,1754.90,1759.60,-0.27,1575.20,2128.40,2312.80,1687.08,1704.60,-50.30,-2.87,-3.17,15,,,,2026-09-15 16:59:40
SAGILITY.NS,supply_demand,2026-08-31,OPEN,2026-09-01,47.05,47.05,-0.00,41.34,58.47,64.18,42.77,45.60,-1.45,-3.08,-3.38,15,,,,2026-09-15 16:59:40
VMM.NS,supply_demand,2026-08-31,CLOSED,2026-09-01,112.00,110.64,+1.23,100.59,130.74,140.80,111.07,106.55,-5.45,-4.87,-5.17,0,2026-09-01,106.55,EMA50 Breakout,2026-09-01 20:16:36
ANTHEM.NS,supply_demand,2026-09-01,OPEN,2026-09-02,920.00,924.50,-0.49,855.55,1062.40,1131.35,834.88,942.85,22.85,2.48,2.18,12,,,,2026-09-15 16:59:40
ANTHEM.NS,bos_fib_ifvg,2026-09-01,OPEN,2026-09-02,920.00,924.50,-0.49,855.55,1062.40,1131.35,834.88,942.85,22.85,2.48,2.18,12,,,,2026-09-15 16:59:40
IFCI.NS,supply_demand,2026-09-02,CLOSED,2026-09-03,98.21,98.32,-0.11,78.23,138.50,158.59,78.56,78.23,-19.98,-20.34,-20.64,9,2026-09-15,78.23,Stoploss Hit,2026-09-15 16:59:40
KAJARIACER.NS,supply_demand,2026-09-02,OPEN,2026-09-03,1261.90,1261.10,+0.06,1170.45,1442.41,1533.06,1203.15,1213.60,-48.30,-3.83,-4.13,9,,,,2026-09-15 16:59:40
LICHSGFIN.NS,supply_demand,2026-09-02,OPEN,2026-09-03,542.00,541.25,+0.14,479.49,664.76,726.52,519.51,542.00,0.00,0.00,-0.30,9,,,,2026-09-15 16:59:40
NIACL.NS,bos_fib_ifvg,2026-09-02,CLOSED,2026-09-03,198.70,199.11,-0.21,178.66,240.01,260.47,179.04,240.01,41.31,20.79,20.49,4,2026-09-07,240.01,Target1 Hit,2026-09-07 21:32:20
TORNTPHARM.NS,supply_demand,2026-09-02,CLOSED,2026-09-03,5025.00,5012.00,+0.26,4803.04,5429.93,5638.89,4865.94,4857.00,-168.00,-3.34,-3.64,2,2026-09-04,4857.00,EMA50 Breakout,2026-09-04 20:04:05
TORNTPHARM.NS,bos_fib_ifvg,2026-09-02,CLOSED,2026-09-03,5025.00,5012.00,+0.26,4803.04,5429.93,5638.89,4865.94,4857.00,-168.00,-3.34,-3.64,2,2026-09-04,4857.00,EMA50 Breakout,2026-09-04 20:04:05
WOCKPHARMA.NS,supply_demand,2026-09-02,CLOSED,2026-09-03,1904.60,1904.30,+0.02,1782.71,2147.47,2269.06,1884.72,2147.47,242.87,12.75,12.45,4,2026-09-07,2147.47,Target1 Hit,2026-09-07 21:32:20
ZENTEC.NS,bos_fib_ifvg,2026-09-02,CLOSED,2026-09-03,1861.00,1829.10,+1.74,1565.76,2355.77,2619.11,1791.45,1762.30,-98.70,-5.30,-5.60,6,2026-09-09,1762.30,EMA50 Breakout,2026-09-09 18:06:06
ABSLAMC.NS,bos_fib_ifvg,2026-09-03,CLOSED,2026-09-04,1047.70,1045.20,+0.24,977.46,1180.67,1248.41,1035.91,1037.90,-9.80,-0.94,-1.24,7,2026-09-15,1037.90,EMA50 Breakout,2026-09-15 16:59:40
CARTRADE.NS,bos_fib_ifvg,2026-09-03,OPEN,2026-09-04,2997.00,2992.20,+0.16,2632.05,3712.49,4072.64,2780.48,3017.10,20.10,0.67,0.37,7,,,,2026-09-15 16:59:40
CDSL.NS,bos_fib_ifvg,2026-09-03,CLOSED,2026-09-04,1400.00,1394.00,+0.43,1306.67,1568.66,1655.99,1350.68,1306.67,-93.33,-6.67,-6.97,7,2026-09-15,1306.67,Stoploss Hit,2026-09-15 16:59:40
DATAPATTNS.NS,bos_fib_ifvg,2026-09-03,CLOSED,2026-09-04,4588.00,4587.30,+0.02,4002.67,5756.56,6341.18,4471.97,4358.80,-229.20,-5.00,-5.30,7,2026-09-15,4358.80,EMA50 Breakout,2026-09-15 16:59:40
INDHOTEL.NS,supply_demand,2026-09-03,CLOSED,2026-09-04,730.00,732.00,-0.27,695.78,804.45,840.67,720.57,720.00,-10.00,-1.37,-1.67,0,2026-09-04,720.00,EMA50 Breakout,2026-09-04 20:04:05
INDHOTEL.NS,bos_fib_ifvg,2026-09-03,CLOSED,2026-09-04,730.00,732.00,-0.27,704.73,786.55,813.82,720.57,720.00,-10.00,-1.37,-1.67,0,2026-09-04,720.00,EMA50 Breakout,2026-09-04 20:04:05
LAURUSLABS.NS,bos_fib_ifvg,2026-09-03,OPEN,2026-09-04,1855.00,1868.50,-0.72,1746.13,2113.24,2235.61,1719.25,1926.90,71.90,3.88,3.58,7,,,,2026-09-15 16:59:40
NCC.NS,bos_fib_ifvg,2026-09-03,CLOSED,2026-09-04,146.60,147.24,-0.43,135.91,169.90,181.23,144.40,143.15,-3.45,-2.35,-2.65,5,2026-09-10,143.15,EMA50 Breakout,2026-09-10 18:16:12
SPLPETRO.NS,supply_demand,2026-09-03,CLOSED,2026-09-04,725.00,725.80,-0.11,678.62,820.15,867.33,711.91,820.15,95.15,13.12,12.82,3,2026-09-08,820.15,Target1 Hit,2026-09-08 17:45:08
TBOTEK.NS,supply_demand,2026-09-03,OPEN,2026-09-04,1733.70,1733.70,-0.00,1629.12,1942.86,2047.45,1580.29,1656.10,-77.60,-4.48,-4.78,7,,,,2026-09-15 16:59:40
TEJASNET.NS,bos_fib_ifvg,2026-09-03,CLOSED,2026-09-04,570.00,567.45,+0.45,500.31,701.73,768.87,530.78,521.25,-48.75,-8.55,-8.85,7,2026-09-15,521.25,EMA50 Breakout,2026-09-15 16:59:40
HAL.NS,bos_fib_ifvg,2026-09-04,CLOSED,2026-09-07,4884.80,4856.00,+0.59,4444.46,5679.07,6090.61,4719.22,4695.00,-189.80,-3.89,-4.19,5,2026-09-15,4695.00,EMA50 Breakout,2026-09-15 16:59:40
GRANULES.NS,supply_demand,2026-09-07,OPEN,2026-09-08,869.00,867.30,+0.20,803.99,993.91,1057.22,834.28,872.60,3.60,0.41,0.11,4,,,,2026-09-15 16:59:40
PFOCUS.NS,supply_demand,2026-09-07,OPEN,2026-09-08,315.00,311.75,+1.04,270.88,393.50,434.37,281.60,319.00,4.00,1.27,0.97,4,,,,2026-09-15 16:59:40
BAJAJ-AUTO.NS,bos_fib_ifvg,2026-09-08,CLOSED,2026-09-09,11841.00,11880.00,-0.33,11421.11,12797.79,13256.68,11351.98,11421.11,-419.89,-3.55,-3.85,3,2026-09-15,11421.11,Stoploss Hit,2026-09-15 16:59:40
CONCORDBIO.NS,bos_fib_ifvg,2026-09-08,OPEN,2026-09-09,1474.00,1470.50,+0.24,1331.32,1748.86,1888.05,1403.55,1473.00,-1.00,-0.07,-0.37,3,,,,2026-09-15 16:59:40
HBLENGINE.NS,supply_demand,2026-09-08,OPEN,2026-09-09,732.65,731.25,+0.19,635.75,922.24,1017.74,713.52,720.15,-12.50,-1.71,-2.01,3,,,,2026-09-15 16:59:40
HINDCOPPER.NS,bos_fib_ifvg,2026-09-08,CLOSED,2026-09-09,538.40,532.85,+1.04,458.85,680.84,754.84,525.00,514.50,-23.90,-4.44,-4.74,2,2026-09-11,514.50,EMA50 Breakout,2026-09-11 18:08:42
PCBL.NS,supply_demand,2026-09-09,CLOSED,2026-09-10,335.00,334.95,+0.01,306.16,392.53,421.32,316.67,314.05,-20.95,-6.25,-6.55,2,2026-09-15,314.05,EMA50 Breakout,2026-09-15 16:59:40
PINELABS.NS,supply_demand,2026-09-09,OPEN,2026-09-10,174.99,175.08,-0.05,151.44,222.36,246.01,159.91,193.80,18.81,10.75,10.45,2,,,,2026-09-15 16:59:40
TORNTPOWER.NS,supply_demand,2026-09-09,CLOSED,2026-09-10,1305.70,1305.70,-0.00,1182.04,1553.03,1676.69,1331.62,1296.30,-9.40,-0.72,-1.02,0,2026-09-10,1296.30,EMA50 Breakout,2026-09-10 18:16:12
CLEAN.NS,bos_fib_ifvg,2026-09-10,OPEN,2026-09-11,848.40,848.45,-0.01,800.70,943.94,991.69,801.46,820.30,-28.10,-3.31,-3.61,1,,,,2026-09-15 16:59:40
ABSLAMC.NS,supply_demand,2026-09-11,CLOSED,2026-09-15,1102.00,1109.90,-0.71,990.00,1349.69,1469.59,1042.85,1037.90,-64.10,-5.82,-6.12,0,2026-09-15,1037.90,EMA50 Breakout,2026-09-15 16:59:40
BANDHANBNK.NS,supply_demand,2026-09-11,CLOSED,2026-09-15,177.00,176.52,+0.27,156.81,215.95,235.66,176.92,172.45,-4.55,-2.57,-2.87,0,2026-09-15,172.45,EMA50 Breakout,2026-09-15 16:59:40
EMMVEE.NS,supply_demand,2026-09-11,OPEN,2026-09-15,346.00,346.00,+0.00,310.74,416.53,451.79,324.81,328.55,-17.45,-5.04,-5.34,0,,,,2026-09-15 16:59:40
ONESOURCE.NS,bos_fib_ifvg,2026-09-11,OPEN,2026-09-15,1614.90,1592.20,+1.43,1449.63,1877.34,2019.90,1581.85,1599.60,-15.30,-0.95,-1.25,0,,,,2026-09-15 16:59:40
TATAINVEST.NS,supply_demand,2026-09-15,PENDING_ENTRY,,,718.35,,605.41,944.23,1057.17,655.87,718.35,,,,0,,,,2026-09-15 16:50:34
TATAINVEST.NS,bos_fib_ifvg,2026-09-15,PENDING_ENTRY,,,718.35,,614.21,926.63,1030.77,655.87,718.35,,,,0,,,,2026-09-15 16:50:34
